,AP,BLESS,Battig,ESSLI_1a,ESSLI_2b,ESSLI_2c,MEN,MTurk,RG65,RW,SimLex999,TR9856,WS353,WS353R,WS353S,Google,MSR,SemEval2012_2
0,0.19402985074626866,0.2,0.09386350602179316,0.4318181818181818,0.6000000000000001,0.37777777777777777,0.04182308340433439,0.020127734019549506,0.17229543832528912,0.16578512061643386,0.07201945329187877,0.10148241949643488,0.1967445827449359,0.05159636206497308,0.24977735532586415,0.0011768317642243144,0.00325,0.043501440194823285
