,AP,BLESS,Battig,ESSLI_1a,ESSLI_2b,ESSLI_2c,MEN,MTurk,RG65,RW,SimLex999,TR9856,WS353,WS353R,WS353S,Google,MSR,SemEval2012_2
0,0.21393034825870647,0.215,0.0957751863888358,0.4318181818181818,0.47500000000000003,0.4,0.056812989157898536,0.019106247357150875,0.2403986655930161,0.1670878387609645,0.049783693806402796,0.1010592594804883,0.20294904109104378,0.09857338555978071,0.24559453501243628,0.0010744985673352436,0.00325,0.04925143329623052
