,AP,BLESS,Battig,ESSLI_1a,ESSLI_2b,ESSLI_2c,MEN,MTurk,RG65,RW,SimLex999,TR9856,WS353,WS353R,WS353S,Google,MSR,SemEval2012_2
0,0.20149253731343283,0.23,0.0967310265723571,0.4545454545454546,0.6000000000000001,0.37777777777777777,0.06599832184599055,0.03283330021190181,0.24361440659595535,0.15593996641638255,0.04242278581782471,0.09912003452732943,0.25739361618901396,0.14099968565961282,0.30753488198554657,5.116659844453541e-05,0.003,0.041480232644337534
