,AP,BLESS,Battig,ESSLI_1a,ESSLI_2b,ESSLI_2c,MEN,MTurk,RG65,RW,SimLex999,TR9856,WS353,WS353R,WS353S,Google,MSR,SemEval2012_2
0,0.3009950248756219,0.34,0.13534696998661824,0.5227272727272727,0.6000000000000001,0.4222222222222222,0.29019636047507597,0.24951322329567896,0.2587913899081673,0.234732138880431,0.1774597156485903,0.10136163240614014,0.43346869959878154,0.3548118044143482,0.5362024342880413,0.010489152681129758,0.042,0.1218317651844837
