,AP,BLESS,Battig,ESSLI_1a,ESSLI_2b,ESSLI_2c,MEN,MTurk,RG65,RW,SimLex999,TR9856,WS353,WS353R,WS353S,Google,MSR,SemEval2012_2
0,0.31592039800995025,0.31,0.13324412158287136,0.5454545454545454,0.8250000000000001,0.4444444444444445,0.3245411930393004,0.2961483431360244,0.2954649776343648,0.24096236518664044,0.17598345927516298,0.09929153666264535,0.45169641764933477,0.3746307017395477,0.5614091278279927,0.012740483012689317,0.038375,0.1289046426945799
