,AP,BLESS,Battig,ESSLI_1a,ESSLI_2b,ESSLI_2c,MEN,MTurk,RG65,RW,SimLex999,TR9856,WS353,WS353R,WS353S,Google,MSR,SemEval2012_2
0,0.3656716417910448,0.37,0.14700822022557827,0.4772727272727273,0.65,0.4222222222222222,0.38016220192378924,0.36147218594010594,0.2546169827236001,0.23466492216381232,0.18572371754940079,0.09963584047821529,0.5138563368393991,0.46430354448973427,0.5908176542390678,0.011512484650020466,0.032125,0.10133361245672876
